date,gulf_price,ny_price
1/2/14,2.515,2.718
1/3/14,2.493,2.671
1/6/14,2.515,2.678
1/7/14,2.556,2.704
1/8/14,2.545,2.684
1/9/14,2.528,2.667
1/10/14,2.605,2.693
1/13/14,2.544,2.643
1/14/14,2.528,2.636
1/15/14,2.551,2.639
1/16/14,2.513,2.608
1/17/14,2.602,2.652
1/21/14,2.577,2.659
1/22/14,2.596,2.706
1/23/14,2.557,2.69
1/24/14,2.545,2.694
1/27/14,2.528,2.665
1/28/14,2.52,2.661
1/29/14,2.544,2.685
1/30/14,2.585,2.705
1/31/14,2.555,2.663
2/3/14,2.536,2.643
2/4/14,2.541,2.641
2/5/14,2.569,2.669
2/6/14,2.628,2.718
2/7/14,2.691,2.784
2/10/14,2.653,2.753
2/11/14,2.704,2.79
2/12/14,2.719,2.796
2/13/14,2.74,2.812
2/14/14,2.766,2.838
2/18/14,2.756,2.881
2/19/14,2.714,2.864
2/20/14,2.68,2.903
2/21/14,2.7,2.87
2/24/14,2.953,2.873
2/25/14,2.763,2.832
2/26/14,2.679,2.829
2/27/14,2.709,2.794
2/28/14,2.703,2.825
3/3/14,2.788,2.864
3/4/14,2.724,2.816
3/5/14,2.715,2.772
3/6/14,2.726,2.788
3/7/14,2.704,2.804
3/10/14,2.709,2.792
3/11/14,2.724,2.803
3/12/14,2.714,2.796
3/13/14,2.695,2.773
3/14/14,2.788,2.79
3/17/14,2.722,2.712
3/18/14,2.739,2.729
3/19/14,2.688,2.706
3/20/14,2.704,2.717
3/21/14,2.741,2.748
3/24/14,2.701,2.709
3/25/14,2.68,2.671
3/26/14,2.6,2.693
3/27/14,2.719,2.721
3/28/14,2.736,2.701
3/31/14,2.686,2.719
4/1/14,2.685,2.665
4/2/14,2.701,2.676
4/3/14,2.742,2.729
4/4/14,2.764,2.756
4/7/14,2.773,2.758
4/8/14,2.816,2.891
4/9/14,2.809,2.917
4/10/14,2.819,2.931
4/11/14,2.824,2.934
4/14/14,2.85,2.965
4/15/14,2.831,2.976
4/16/14,2.841,2.963
4/17/14,2.84,2.982
4/21/14,2.837,3.014
4/22/14,2.85,3.015
4/23/14,2.855,3.023
4/24/14,2.795,2.988
4/25/14,2.841,2.966
4/28/14,2.797,2.894
4/29/14,2.811,2.914
4/30/14,2.735,2.868
5/1/14,2.719,2.846
5/2/14,2.742,2.892
5/5/14,2.712,2.842
5/6/14,2.669,2.814
5/7/14,2.722,2.857
5/8/14,2.702,2.827
5/9/14,2.685,2.82
5/12/14,2.711,2.839
5/13/14,2.72,2.843
5/14/14,2.766,2.883
5/15/14,2.773,2.87
5/16/14,2.784,2.884
5/19/14,2.787,2.87
5/20/14,2.794,2.874
5/21/14,2.82,2.9
5/22/14,2.831,2.919
5/23/14,2.836,2.919
5/27/14,2.82,2.839
5/28/14,2.805,2.858
5/29/14,2.827,2.862
5/30/14,2.79,2.852
6/2/14,2.769,2.829
6/3/14,2.773,2.821
6/4/14,2.742,2.811
6/5/14,2.773,2.826
6/6/14,2.76,2.81
6/9/14,2.799,2.844
6/10/14,2.798,2.845
6/11/14,2.809,2.867
6/12/14,2.893,2.943
6/13/14,2.862,2.909
6/16/14,2.895,2.927
6/17/14,2.922,2.939
6/18/14,2.915,2.95
6/19/14,2.924,2.969
6/20/14,2.93,2.975
6/23/14,2.911,2.939
6/24/14,2.927,2.954
6/25/14,2.852,2.928
6/26/14,2.854,2.913
6/27/14,2.873,2.925
6/30/14,2.847,2.888
7/1/14,2.833,2.888
7/2/14,2.818,2.875
7/3/14,2.819,2.896
7/7/14,2.784,2.857
7/8/14,2.764,2.854
7/9/14,2.724,2.806
7/10/14,2.741,2.836
7/11/14,2.712,2.79
7/14/14,2.724,2.817
7/15/14,2.71,2.783
7/16/14,2.698,2.778
7/17/14,2.682,2.777
7/18/14,2.677,2.777
7/21/14,2.705,2.805
7/22/14,2.682,2.79
7/23/14,2.671,2.778
7/24/14,2.66,2.755
7/25/14,2.681,2.781
7/28/14,2.661,2.758
7/29/14,2.668,2.773
7/30/14,2.658,2.737
7/31/14,2.605,2.736
8/1/14,2.557,2.673
8/4/14,2.563,2.66
8/5/14,2.562,2.654
8/6/14,2.598,2.698
8/7/14,2.639,2.729
8/8/14,2.631,2.698
8/11/14,2.645,2.708
8/12/14,2.641,2.691
8/13/14,2.652,2.707
8/14/14,2.578,2.645
8/15/14,2.65,2.678
8/18/14,2.608,2.645
8/19/14,2.642,2.687
8/20/14,2.691,2.706
8/21/14,2.703,2.752
8/22/14,2.687,2.732
8/25/14,2.695,2.742
8/26/14,2.636,2.762
8/27/14,2.621,2.73
8/28/14,2.603,2.745
8/29/14,2.657,2.772
9/2/14,2.583,2.698
9/3/14,2.637,2.761
9/4/14,2.637,2.772
9/5/14,2.655,2.76
9/8/14,2.589,2.726
9/9/14,2.564,2.721
9/10/14,2.546,2.706
9/11/14,2.543,2.666
9/12/14,2.536,2.636
9/15/14,2.556,2.653
9/16/14,2.585,2.668
9/17/14,2.579,2.684
9/18/14,2.623,2.675
9/19/14,2.621,2.707
9/22/14,2.58,2.693
9/23/14,2.692,2.747
9/24/14,2.648,2.795
9/25/14,2.659,2.809
9/26/14,2.632,2.767
9/29/14,2.653,2.804
9/30/14,2.586,2.692
10/1/14,2.605,2.605
10/2/14,2.534,2.642
10/3/14,2.445,2.593
10/6/14,2.451,2.614
10/7/14,2.348,2.56
10/8/14,2.263,2.471
10/9/14,2.189,2.396
10/10/14,2.196,2.376
10/13/14,2.162,2.365
10/14/14,2.098,2.313
10/15/14,2.037,2.285
10/16/14,2.074,2.337
10/17/14,2.095,2.358
10/20/14,2.059,2.374
10/21/14,2.06,2.402
10/22/14,2.019,2.297
10/23/14,2.088,2.335
10/24/14,2.054,2.324
10/27/14,2.03,2.287
10/28/14,2.062,2.304
10/29/14,2.082,2.341
10/30/14,2.055,2.3
10/31/14,2.118,2.28
11/3/14,2.041,2.218
11/4/14,2.012,2.178
11/5/14,2.075,2.204
11/6/14,2.108,2.233
11/7/14,2.114,2.232
11/10/14,2.044,2.214
11/11/14,2.046,2.216
11/12/14,2.061,2.203
11/13/14,1.919,2.116
11/14/14,1.902,2.167
11/17/14,1.878,2.143
11/18/14,1.855,2.15
11/19/14,1.868,2.148
11/20/14,1.854,2.144
11/21/14,1.882,2.172
11/24/14,1.853,2.143
11/25/14,1.833,2.138
11/26/14,1.828,2.125
11/28/14,1.64,2.002
12/1/14,1.708,2.005
12/2/14,1.623,1.901
12/3/14,1.61,1.895
12/4/14,1.644,1.869
12/5/14,1.615,1.84
12/8/14,1.567,1.766
12/9/14,1.577,1.777
12/10/14,1.53,1.705
12/11/14,1.436,1.674
12/12/14,1.409,1.641
12/15/14,1.403,1.618
12/16/14,1.374,1.581
12/17/14,1.385,1.606
12/18/14,1.349,1.589
12/19/14,1.407,1.64
12/22/14,1.335,1.582
12/23/14,1.171,1.631
12/24/14,1.225,1.575
12/26/14,1.221,1.571
12/29/14,1.224,1.522
12/30/14,1.216,1.516
12/31/14,1.288,1.525
1/2/15,1.294,1.492
1/5/15,1.234,1.434
1/6/15,1.247,1.389
1/7/15,1.192,1.352
1/8/15,1.2,1.37
1/9/15,1.174,1.336
1/12/15,1.166,1.283
1/13/15,1.182,1.284
1/14/15,1.261,1.361
1/15/15,1.23,1.317
1/16/15,1.295,1.382
1/20/15,1.286,1.336
1/21/15,1.27,1.345
1/22/15,1.283,1.353
1/23/15,1.312,1.367
1/26/15,1.279,1.321
1/27/15,1.373,1.355
1/28/15,1.37,1.368
1/29/15,1.358,1.378
1/30/15,1.421,1.462
2/2/15,1.522,1.54
2/3/15,1.568,1.575
2/4/15,1.483,1.483
2/5/15,1.489,1.516
2/6/15,1.54,1.543
2/9/15,1.555,1.562
2/10/15,1.575,1.557
2/11/15,1.554,1.544
2/12/15,1.595,1.593
2/13/15,1.602,1.617
2/17/15,1.554,1.574
2/18/15,1.55,1.568
2/19/15,1.618,1.623
2/20/15,1.656,1.651
2/23/15,1.676,1.656
2/24/15,1.663,1.623
2/25/15,1.684,1.751
2/26/15,1.757,1.739
2/27/15,1.81,1.82
3/2/15,1.727,1.742
3/3/15,1.773,1.763
3/4/15,1.723,1.73
3/5/15,1.678,1.703
3/6/15,1.759,1.691
3/9/15,1.696,1.686
3/10/15,1.671,1.634
3/11/15,1.66,1.642
3/12/15,1.636,1.618
3/13/15,1.598,1.563
3/16/15,1.57,1.54
3/17/15,1.601,1.541
3/18/15,1.736,1.616
3/19/15,1.689,1.569
3/20/15,1.684,1.609
3/23/15,1.697,1.629
3/24/15,1.696,1.639
3/25/15,1.719,1.661
3/26/15,1.756,1.708
3/27/15,1.632,1.634
3/30/15,1.621,1.64
3/31/15,1.59,1.615
4/1/15,1.644,1.666
4/2/15,1.595,1.61
4/6/15,1.668,1.755
4/7/15,1.689,1.775
4/8/15,1.57,1.66
4/9/15,1.585,1.67
4/10/15,1.658,1.721
4/13/15,1.652,1.715
4/14/15,1.677,1.717
4/15/15,1.77,1.807
4/16/15,1.773,1.825
4/17/15,1.762,1.822
4/20/15,1.76,1.818
4/21/15,1.73,1.787
4/22/15,1.759,1.817
4/23/15,1.841,1.906
4/24/15,1.844,1.909
4/27/15,1.842,1.906
4/28/15,1.84,1.907
4/29/15,1.852,1.909
4/30/15,1.896,1.951
5/1/15,1.877,1.947
5/4/15,1.864,1.939
5/5/15,1.873,1.968
5/6/15,1.85,1.93
5/7/15,1.829,1.889
5/8/15,1.837,1.887
5/11/15,1.835,1.88
5/12/15,1.871,1.921
5/13/15,1.876,1.943
5/14/15,1.921,1.971
5/15/15,1.93,1.97
5/18/15,1.917,1.959
5/19/15,1.861,1.916
5/20/15,1.909,1.944
5/21/15,1.945,1.998
5/22/15,1.939,1.981
5/26/15,1.888,1.918
5/27/15,1.839,1.87
5/28/15,1.869,1.92
5/29/15,1.958,2.011
6/1/15,1.935,1.988
6/2/15,1.943,2.015
6/3/15,1.933,1.986
6/4/15,1.871,1.924
6/5/15,1.906,1.964
6/8/15,1.892,1.952
6/9/15,1.971,2.019
6/10/15,2.055,2.092
6/11/15,2.007,2.072
6/12/15,2.003,2.07
6/15/15,1.975,2.043
6/16/15,2.013,2.098
6/17/15,1.95,2.062
6/18/15,1.951,2.041
6/19/15,1.908,2.003
6/22/15,1.902,1.985
6/23/15,1.952,2.012
6/24/15,1.922,1.975
6/25/15,1.902,1.951
6/26/15,1.914,1.96
6/29/15,1.903,1.93
6/30/15,1.984,1.971
7/1/15,1.953,1.951
7/2/15,2.007,1.969
7/6/15,1.91,1.885
7/7/15,1.965,1.91
7/8/15,2.044,1.957
7/9/15,2.008,2.016
7/10/15,1.986,1.994
7/13/15,1.868,1.883
7/14/15,1.85,1.873
7/15/15,1.786,1.808
7/16/15,1.88,1.843
7/17/15,1.914,1.876
7/20/15,1.897,1.88
7/21/15,1.859,1.867
7/22/15,1.795,1.803
7/23/15,1.764,1.799
7/24/15,1.718,1.768
7/27/15,1.706,1.744
7/28/15,1.676,1.742
7/29/15,1.724,1.778
7/30/15,1.734,1.766
7/31/15,1.74,1.705
8/3/15,1.663,1.751
8/4/15,1.669,1.764
8/5/15,1.644,1.674
8/6/15,1.627,1.655
8/7/15,1.606,1.631
8/10/15,1.663,1.705
8/11/15,1.708,1.713
8/12/15,1.773,1.772
8/13/15,1.749,1.729
8/14/15,1.704,1.699
8/17/15,1.646,1.669
8/18/15,1.619,1.644
8/19/15,1.532,1.56
8/20/15,1.502,1.537
8/21/15,1.531,1.556
8/24/15,1.437,1.485
8/25/15,1.395,1.456
8/26/15,1.31,1.386
8/27/15,1.378,1.464
8/28/15,1.419,1.524
8/31/15,1.485,1.651
9/1/15,1.408,1.393
9/2/15,1.435,1.555
9/3/15,1.399,1.561
9/4/15,1.367,1.53
9/8/15,1.327,1.507
9/9/15,1.314,1.474
9/10/15,1.359,1.482
9/11/15,1.323,1.456
9/14/15,1.254,1.387
9/15/15,1.283,1.42
9/16/15,1.341,1.463
9/17/15,1.341,1.461
9/18/15,1.323,1.423
9/21/15,1.36,1.454
9/22/15,1.374,1.469
9/23/15,1.367,1.441
9/24/15,1.353,1.423
9/25/15,1.369,1.445
9/28/15,1.354,1.4
9/29/15,1.371,1.415
9/30/15,1.369,1.439
10/1/15,1.417,1.422
10/2/15,1.359,1.417
10/5/15,1.449,1.459
10/6/15,1.484,1.505
10/7/15,1.411,1.465
10/8/15,1.414,1.477
10/9/15,1.369,1.477
10/12/15,1.308,1.413
10/13/15,1.251,1.371
10/14/15,1.238,1.366
10/15/15,1.243,1.375
10/16/15,1.27,1.387
10/19/15,1.198,1.32
10/20/15,1.218,1.318
10/21/15,1.217,1.327
10/22/15,1.262,1.367
10/23/15,1.246,1.354
10/26/15,1.231,1.342
10/27/15,1.215,1.337
10/28/15,1.288,1.391
10/29/15,1.295,1.392
10/30/15,1.371,1.444
11/2/15,1.351,1.423
11/3/15,1.43,1.49
11/4/15,1.412,1.462
11/5/15,1.371,1.433
11/6/15,1.342,1.434
11/9/15,1.333,1.43
11/10/15,1.297,1.422
11/11/15,1.233,1.383
11/12/15,1.175,1.332
11/13/15,1.13,1.295
11/16/15,1.13,1.303
11/17/15,1.138,1.288
11/18/15,1.178,1.323
11/19/15,1.169,1.337
11/20/15,1.142,1.33
11/23/15,1.153,1.361
11/24/15,1.214,1.389
11/25/15,1.258,1.373
11/27/15,1.245,1.36
11/30/15,1.217,1.377
12/1/15,1.254,1.427
12/2/15,1.196,1.368
12/3/15,1.193,1.338
12/4/15,1.178,1.316
12/7/15,1.115,1.228
12/8/15,1.114,1.212
12/9/15,1.211,1.246
12/10/15,1.248,1.283
12/11/15,1.249,1.279
12/14/15,1.235,1.247
12/15/15,1.181,1.249
12/16/15,1.176,1.259
12/17/15,1.212,1.282
12/18/15,1.19,1.287
12/21/15,1.163,1.208
12/22/15,1.112,1.191
12/23/15,1.175,1.27
12/24/15,1.18,1.278
12/28/15,1.149,1.248
12/29/15,1.164,1.298
12/30/15,1.141,1.271
12/31/15,1.154,1.284
1/4/16,1.202,1.297
1/5/16,1.144,1.264
1/6/16,1.047,1.167
1/7/16,1.048,1.155
1/8/16,1.043,1.133
1/11/16,1.025,1.117
1/12/16,1.005,1.098
1/13/16,0.969,1.067
1/14/16,1.007,1.092
1/15/16,0.946,1.043
1/19/16,0.977,1.057
1/20/16,0.959,1.052
1/21/16,0.941,1.066
1/22/16,0.99,1.11
1/25/16,0.966,1.053
1/26/16,1.01,1.08
1/27/16,0.959,1.074
1/28/16,1.047,1.131
1/29/16,1.058,1.152
2/1/16,1.024,1.124
2/2/16,0.812,1.028
2/3/16,0.93,1.06
2/4/16,0.91,1.055
2/5/16,0.877,1.025
2/8/16,0.855,0.994
2/9/16,0.815,0.947
2/10/16,0.866,0.978
2/11/16,0.889,0.984
2/12/16,0.993,1.066
2/16/16,0.938,0.99
2/17/16,0.951,1.013
2/18/16,0.919,1.244
2/19/16,0.918,1.233
2/22/16,0.937,1.269
2/23/16,0.907,0.985
2/24/16,0.961,1.028
2/25/16,1.041,1.055
2/26/16,1.048,1.027
2/29/16,1.068,1.05
3/1/16,1.008,1.053
3/2/16,0.995,1.062
3/3/16,0.983,1.028
3/4/16,1.028,1.041
3/7/16,1.072,1.097
3/8/16,1.052,1.097
3/9/16,1.198,1.185
3/10/16,1.268,1.173
3/11/16,1.272,1.182
3/14/16,1.242,1.157
3/15/16,1.263,1.151
3/16/16,1.238,1.185
3/17/16,1.257,1.205
3/18/16,1.288,1.209
3/21/16,1.311,1.232
3/22/16,1.36,1.273
3/23/16,1.308,1.286
3/24/16,1.328,1.321
3/28/16,1.299,1.326
3/29/16,1.273,1.323
3/30/16,1.279,1.369
3/31/16,1.267,1.351
4/1/16,1.234,1.321
4/4/16,1.213,1.315
4/5/16,1.207,1.322
4/6/16,1.224,1.339
4/7/16,1.217,1.332
4/8/16,1.309,1.424
4/11/16,1.353,1.468
4/12/16,1.374,1.489
4/13/16,1.345,1.483
4/14/16,1.321,1.464
4/15/16,1.281,1.426
4/18/16,1.255,1.4
4/19/16,1.308,1.451
4/20/16,1.347,1.462
4/21/16,1.397,1.491
4/22/16,1.41,1.504
4/25/16,1.412,1.489
4/26/16,1.464,1.542
4/27/16,1.462,1.555
4/28/16,1.473,1.569
4/29/16,1.48,1.571
5/2/16,1.415,1.535
5/3/16,1.371,1.493
5/4/16,1.346,1.478
5/5/16,1.354,1.474
5/6/16,1.346,1.481
5/9/16,1.288,1.413
5/10/16,1.333,1.46
5/11/16,1.418,1.545
5/12/16,1.413,1.548
5/13/16,1.418,1.558
5/16/16,1.446,1.589
5/17/16,1.487,1.644
5/18/16,1.475,1.627
5/19/16,1.468,1.631
5/20/16,1.475,1.618
5/23/16,1.498,1.628
5/24/16,1.504,1.639
5/25/16,1.511,1.629
5/26/16,1.479,1.597
5/27/16,1.512,1.637
5/31/16,1.486,1.59
6/1/16,1.524,1.611
6/2/16,1.539,1.607
6/3/16,1.556,1.583
6/6/16,1.521,1.565
6/7/16,1.525,1.57
6/8/16,1.559,1.604
6/9/16,1.539,1.591
6/10/16,1.489,1.534
6/13/16,1.454,1.501
6/14/16,1.439,1.462
6/15/16,1.427,1.444
6/16/16,1.401,1.401
6/17/16,1.433,1.443
6/20/16,1.489,1.511
6/21/16,1.512,1.494
6/22/16,1.514,1.487
6/23/16,1.532,1.517
6/24/16,1.459,1.444
6/27/16,1.419,1.419
6/28/16,1.459,1.441
6/29/16,1.477,1.466
6/30/16,1.447,1.43
7/1/16,1.463,1.453
7/5/16,1.368,1.358
7/6/16,1.405,1.4
7/7/16,1.329,1.324
7/8/16,1.329,1.328
7/11/16,1.341,1.336
7/12/16,1.378,1.376
7/13/16,1.342,1.376
7/14/16,1.364,1.366
7/15/16,1.379,1.387
7/18/16,1.344,1.351
7/19/16,1.336,1.341
7/20/16,1.354,1.329
7/21/16,1.343,1.32
7/22/16,1.333,1.331
7/25/16,1.32,1.32
7/26/16,1.343,1.343
7/27/16,1.345,1.317
7/28/16,1.326,1.298
7/29/16,1.308,1.323
8/1/16,1.305,1.307
8/2/16,1.31,1.298
8/3/16,1.384,1.343
8/4/16,1.365,1.347
8/5/16,1.377,1.359
8/8/16,1.371,1.332
8/9/16,1.364,1.314
8/10/16,1.313,1.278
8/11/16,1.357,1.342
8/12/16,1.373,1.358
8/15/16,1.392,1.387
8/16/16,1.408,1.408
8/17/16,1.437,1.439
8/18/16,1.474,1.476
8/19/16,1.517,1.497
8/22/16,1.485,1.47
8/23/16,1.52,1.416
8/24/16,1.516,1.396
8/25/16,1.565,1.414
8/26/16,1.574,1.422
8/29/16,1.525,1.395
8/30/16,1.492,1.372
8/31/16,1.438,1.336
9/1/16,1.33,1.37
9/2/16,1.345,1.38
9/6/16,1.326,1.384
9/7/16,1.35,1.415
9/8/16,1.437,1.463
9/9/16,1.396,1.424
9/12/16,1.418,1.439
9/13/16,1.366,1.394
9/14/16,1.355,1.383
9/15/16,1.412,1.432
9/16/16,1.419,1.549
9/19/16,1.331,1.501
9/20/16,1.324,1.409
9/21/16,1.395,1.44
9/22/16,1.412,1.434
9/23/16,1.405,1.418
9/26/16,1.412,1.418
9/27/16,1.421,1.454
9/28/16,1.486,1.528
9/29/16,1.483,1.53
9/30/16,1.479,1.498
10/3/16,1.5,1.51
10/4/16,1.531,1.534
10/5/16,1.516,1.519
10/6/16,1.532,1.492
10/7/16,1.506,1.473
10/10/16,1.506,1.473
10/11/16,1.509,1.501
10/12/16,1.474,1.479
10/13/16,1.498,1.52
10/14/16,1.519,1.541
10/17/16,1.507,1.539
10/18/16,1.49,1.542
10/19/16,1.497,1.552
10/20/16,1.508,1.538
10/21/16,1.499,1.574
10/24/16,1.474,1.539
10/25/16,1.471,1.541
10/26/16,1.448,1.533
10/27/16,1.447,1.532
10/28/16,1.429,1.524
10/31/16,1.405,1.498
11/1/16,1.462,1.522
11/2/16,1.406,1.58
11/3/16,1.379,1.545
11/4/16,1.314,1.499
11/7/16,1.298,1.48
11/8/16,1.332,1.487
11/9/16,1.286,1.478
11/10/16,1.27,1.445
11/11/16,1.181,1.404
11/14/16,1.162,1.385
11/15/16,1.239,1.397
11/16/16,1.233,1.375
11/17/16,1.255,1.393
11/18/16,1.263,1.393
11/21/16,1.327,1.455
11/22/16,1.333,1.458
11/23/16,1.369,1.479
11/25/16,1.369,1.479
11/28/16,1.354,1.464
11/29/16,1.336,1.438
11/30/16,1.438,1.536
12/1/16,1.49,1.6
12/2/16,1.496,1.606
12/5/16,1.487,1.605
12/6/16,1.55,1.584
12/7/16,1.47,1.565
12/8/16,1.471,1.561
12/9/16,1.466,1.559
12/12/16,1.503,1.598
12/13/16,1.505,1.604
12/14/16,1.52,1.59
12/15/16,1.533,1.599
12/16/16,1.545,1.623
12/19/16,1.547,1.622
12/20/16,1.581,1.658
12/21/16,1.615,1.66
12/22/16,1.615,1.66
12/23/16,1.638,1.674
12/27/16,1.673,1.711
12/28/16,1.702,1.739
12/29/16,1.703,1.729
12/30/16,1.699,1.722
1/3/17,1.642,1.682
1/4/17,1.657,1.697
1/5/17,1.655,1.695
1/6/17,1.64,1.68
1/9/17,1.595,1.615
1/10/17,1.57,1.577
1/11/17,1.628,1.635
1/12/17,1.639,1.659
1/13/17,1.627,1.654
1/17/17,1.614,1.644
1/18/17,1.554,1.594
1/19/17,1.542,1.579
1/20/17,1.546,1.606
1/23/17,1.562,1.6
1/24/17,1.564,1.594
1/25/17,1.522,1.552
1/26/17,1.547,1.57
1/27/17,1.537,1.556
1/30/17,1.527,1.528
1/31/17,1.55,1.555
2/1/17,1.57,1.605
2/2/17,1.554,1.567
2/3/17,1.562,1.561
2/6/17,1.52,1.508
2/7/17,1.49,1.483
2/8/17,1.556,1.546
2/9/17,1.574,1.564
2/10/17,1.591,1.581
2/13/17,1.534,1.556
2/14/17,1.534,1.552
2/15/17,1.521,1.565
2/16/17,1.495,1.539
2/17/17,1.48,1.525
2/21/17,1.532,1.512
2/22/17,1.551,1.534
2/23/17,1.563,1.548
2/24/17,1.577,1.545
2/27/17,1.597,1.57
2/28/17,1.578,1.549
3/1/17,1.508,1.455
3/2/17,1.49,1.438
3/3/17,1.487,1.45
3/6/17,1.526,1.496
3/7/17,1.524,1.494
3/8/17,1.495,1.482
3/9/17,1.495,1.493
3/10/17,1.459,1.456
3/13/17,1.47,1.442
3/14/17,1.479,1.452
3/15/17,1.506,1.46
3/16/17,1.5,1.457
3/17/17,1.511,1.459
3/20/17,1.53,1.492
3/21/17,1.52,1.485
3/22/17,1.519,1.484
3/23/17,1.495,1.483
3/24/17,1.532,1.512
3/27/17,1.539,1.519
3/28/17,1.576,1.546
3/29/17,1.6,1.575
3/30/17,1.622,1.585
3/31/17,1.638,1.6
4/3/17,1.635,1.593
4/4/17,1.668,1.633
4/5/17,1.652,1.617
4/6/17,1.673,1.686
4/7/17,1.681,1.649
4/10/17,1.7,1.67
4/11/17,1.695,1.665
4/12/17,1.666,1.648
4/13/17,1.662,1.649
4/17/17,1.649,1.636
4/18/17,1.643,1.653
4/19/17,1.591,1.601
4/20/17,1.61,1.615
4/21/17,1.584,1.599
4/24/17,1.562,1.577
4/25/17,1.57,1.57
4/26/17,1.527,1.527
4/27/17,1.508,1.506
4/28/17,1.487,1.484
5/1/17,1.466,1.476
5/2/17,1.453,1.469
5/3/17,1.462,1.475
5/4/17,1.416,1.428
5/5/17,1.446,1.452
5/8/17,1.46,1.462
5/9/17,1.43,1.434
5/10/17,1.487,1.492
5/11/17,1.511,1.513
5/12/17,1.528,1.528
5/15/17,1.536,1.539
5/16/17,1.542,1.562
5/17/17,1.536,1.566
5/18/17,1.538,1.566
5/19/17,1.586,1.611
5/22/17,1.598,1.62
5/23/17,1.596,1.626
5/24/17,1.592,1.617
5/25/17,1.537,1.576
5/26/17,1.563,1.612
5/30/17,1.556,1.602
5/31/17,1.534,1.58
6/1/17,1.531,1.573
6/2/17,1.515,1.558
6/5/17,1.477,1.512
6/6/17,1.507,1.53
6/7/17,1.453,1.453
6/8/17,1.439,1.449
6/9/17,1.45,1.46
6/12/17,1.431,1.441
6/13/17,1.448,1.458
6/14/17,1.378,1.385
6/15/17,1.381,1.389
6/16/17,1.399,1.404
6/19/17,1.409,1.404
6/20/17,1.389,1.376
6/21/17,1.378,1.368
6/22/17,1.403,1.393
6/23/17,1.391,1.399
6/26/17,1.391,1.408
6/27/17,1.411,1.425
6/28/17,1.436,1.455
6/29/17,1.422,1.454
6/30/17,1.472,1.493
7/5/17,1.452,1.482
7/6/17,1.483,1.51
7/7/17,1.467,1.492
7/10/17,1.466,1.505
7/11/17,1.486,1.522
7/12/17,1.485,1.522
7/13/17,1.495,1.531
7/14/17,1.524,1.565
7/17/17,1.511,1.561
7/18/17,1.526,1.581
7/19/17,1.56,1.627
7/20/17,1.552,1.619
7/21/17,1.499,1.569
7/24/17,1.503,1.559
7/25/17,1.543,1.603
7/26/17,1.562,1.601
7/27/17,1.583,1.626
7/28/17,1.609,1.658
7/31/17,1.639,1.686
8/1/17,1.631,1.678
8/2/17,1.608,1.656
8/3/17,1.623,1.645
8/4/17,1.632,1.654
8/7/17,1.62,1.649
8/8/17,1.601,1.634
8/9/17,1.605,1.643
8/10/17,1.58,1.616
8/11/17,1.599,1.632
8/14/17,1.563,1.598
8/15/17,1.557,1.602
8/16/17,1.542,1.584
8/17/17,1.56,1.613
8/18/17,1.596,1.646
8/21/17,1.553,1.612
8/22/17,1.56,1.619
8/23/17,1.59,1.645
8/24/17,1.654,1.707
8/25/17,1.658,1.704
8/28/17,1.695,1.749
8/29/17,1.749,1.829
8/30/17,1.839,1.93
8/31/17,2.067,2.17
9/1/17,2.006,2.074
9/5/17,1.911,1.998
9/6/17,1.863,2.068
9/7/17,1.793,2.053
9/8/17,1.827,2.045
9/11/17,1.771,1.974
9/12/17,1.795,1.997
9/13/17,1.734,1.824
9/14/17,1.662,1.807
9/15/17,1.675,1.843
9/18/17,1.692,1.82
9/19/17,1.689,1.784
9/20/17,1.666,1.741
9/21/17,1.663,1.738
9/22/17,1.68,1.747
9/25/17,1.713,1.827
9/26/17,1.697,1.788
9/27/17,1.666,1.714
9/28/17,1.672,1.665
9/29/17,1.622,1.637
10/2/17,1.571,1.618
10/3/17,1.579,1.627
10/4/17,1.6,1.655
10/5/17,1.638,1.693
10/6/17,1.577,1.632
10/9/17,1.581,1.628
10/10/17,1.607,1.667
10/11/17,1.624,1.684
10/12/17,1.607,1.657
10/13/17,1.641,1.691
10/16/17,1.639,1.689
10/17/17,1.642,1.697
10/18/17,1.662,1.717
10/19/17,1.646,1.706
10/20/17,1.677,1.745
10/23/17,1.658,1.738
